mae,rmse,r2,model
3.7066969174462154,5.305083297043138,0.8550114589097533,random_forest
3.808136279635388,5.36410699487764,0.8517672624877711,gradient_boosting
